id,date,year,gender,transfer,mental_health,social_distancing,drag_50,sexist_comment,support_eating,stop_svsh,receive_info,social_media_year,asian,black,latino,native hawaiian or pacific islander,white,other:,prefer not to answer,undergrad_student,1st_year,2nd_year,3rd_year,4th_year,5th_year_plus,bachelor_degree,no_college,some_college,read_daily,read_less_weekly,read_daily_more,read_weekly,write_daily,write_less_weekly,write_more_daily,write_weekly,outcome,treatment,recall
R_2Ww2RqGNH9yctjs,2021-04-06 16:52:23,2000,1,0,90,51,50,60,61,90,0,upperclassmen_treatment,0,0,0,0,0,1,0,1,0,0,1,0,0,0,1,0,0,0,1,0,0,1,0,0,1,1,1
R_3qe5vira5vFiYOW,2021-04-06 17:35:11,2000,1,0,78,36,50,61,71,96,11,underclassmen_control,0,0,0,0,1,0,0,1,0,1,0,0,0,0,0,1,1,0,0,0,0,1,0,0,5,0,0
R_21gN207HSdeja1t,2021-04-06 19:08:49,2001,1,0,97,8,50,57,92,70,0,underclassmen_treatment,0,0,0,0,1,0,0,1,0,1,0,0,0,0,0,1,0,0,1,0,0,1,0,0,21,1,1
R_1PaTouXujEuwlqR,2021-04-06 19:27:18,2000,1,0,92,81,50,81,85,86,11,upperclassmen_control,0,0,0,0,1,0,0,1,0,0,1,0,0,0,0,1,0,0,1,0,0,1,0,0,5,0,1
R_2PALXRePS8B62fv,2021-04-06 20:16:01,1999,1,0,91,78,50,20,64,95,0,upperclassmen_control,1,0,0,0,0,0,0,1,0,0,0,1,0,0,1,0,0,0,1,0,0,0,0,1,4,0,1
R_2Wv5Vcff1y9HWcD,2021-04-06 20:36:44,1999,1,1,95,73,50,80,93,91,0,underclassmen_control,0,0,1,0,0,0,0,1,0,1,0,0,0,0,0,1,0,0,1,0,0,1,0,0,0,0,1
R_stEIdugC439cttD,2021-04-06 21:04:43,1999,1,1,37,35,50,75,95,77,11,upperclassmen_treatment,1,0,0,0,0,0,0,1,0,0,0,1,0,0,1,0,0,0,1,0,0,1,0,0,14,1,0
R_1po0s9GkeDfy9Kx,2021-04-06 21:53:48,2000,1,0,25,35,50,33,23,16,11,upperclassmen_treatment,1,0,0,0,0,0,0,1,0,0,1,0,0,1,0,0,0,0,0,1,0,0,0,1,75,1,0
R_vVaxtLjlMcDxiQF,2021-04-06 21:21:52,1998,0,0,50,10,50,70,70,90,0,upperclassmen_control,1,0,0,0,0,0,0,1,0,0,0,0,1,1,0,0,0,0,1,0,0,1,0,0,1,0,1
R_1gLsqvHMIyLieBe,2021-04-06 18:33:32,2002,1,0,55,30,50,30,60,91,0,underclassmen_treatment,0,0,1,0,0,0,0,1,1,0,0,0,0,0,0,1,0,0,1,0,0,1,0,0,0,1,1
R_1n2e8L6X4FLpJGC,2021-04-06 22:35:44,1998,1,1,60,61,50,8,50,62,0,upperclassmen_control,1,0,0,0,0,0,0,1,0,0,0,1,0,0,1,0,0,0,1,0,0,0,0,1,29,0,1
R_1GQeRzTQdzUzQvS,2021-04-07 00:42:02,2000,1,0,43,22,50,6,28,71,11,upperclassmen_treatment,1,0,0,0,0,0,0,1,0,0,1,0,0,0,0,1,0,0,1,0,0,1,0,0,20,1,1
R_2bHwouzVoG1Mcyo,2021-04-06 18:05:06,2002,0,0,50,50,50,39,61,91,11,underclassmen_treatment,1,0,0,0,0,0,0,1,1,0,0,0,0,0,1,0,0,0,0,1,0,0,0,1,0,1,1
R_2zoRkKyJgsewaNb,2021-04-07 04:57:11,1997,0,1,80,40,50,70,40,91,0,upperclassmen_treatment,1,0,0,0,0,0,0,1,0,0,0,1,0,0,0,1,0,0,1,0,0,1,0,0,0,1,1
R_2CNzw7SSPxXdTgb,2021-04-06 22:47:49,2002,0,0,61,17,50,38,30,60,11,underclassmen_control,1,0,0,0,0,0,0,1,1,0,0,0,0,0,0,1,0,0,1,0,0,1,0,0,31,0,1
R_22zA01c2diENyUz,2021-04-07 11:13:02,1999,0,1,95,27,50,82,70,92,11,upperclassmen_control,1,0,0,0,0,0,0,1,0,0,1,0,0,0,0,1,1,0,0,0,0,1,0,0,1,0,1
R_1Q61QXC0zojXPxv,2021-04-07 13:48:15,2001,1,0,80,70,50,70,80,61,11,underclassmen_control,0,0,0,0,1,0,0,1,0,1,0,0,0,0,0,1,0,0,1,0,0,1,0,0,30,0,1
R_2aEkwwQbbKwsYtO,2021-04-07 14:15:17,2000,1,0,71,60,50,70,70,72,11,upperclassmen_control,1,0,0,0,0,0,0,1,0,0,1,0,0,0,1,0,0,0,1,0,0,0,1,0,19,0,1
R_12bU7EoHhLwkg7O,2021-04-07 14:15:30,2001,1,1,81,5,50,71,50,81,0,underclassmen_treatment,0,0,0,0,1,0,0,1,1,0,0,0,0,0,0,1,0,0,1,0,0,1,0,0,10,1,1
R_D2zYJ3WYAmSkh8Z,2021-04-07 16:24:34,1999,1,0,40,30,50,61,20,61,0,upperclassmen_treatment,0,0,0,0,1,0,0,1,0,0,0,1,0,0,0,1,0,0,1,0,0,1,0,0,30,1,1
R_W6WkEtlxod17E0p,2021-04-07 17:38:07,2000,1,0,87,27,50,12,31,50,11,upperclassmen_treatment,1,0,0,0,0,0,0,1,0,0,1,0,0,0,0,1,1,0,0,0,0,0,0,1,41,1,1
R_3Iago0xQQlcWuP9,2021-04-07 17:39:00,1999,1,0,55,40,50,67,25,74,0,upperclassmen_control,0,0,0,0,0,1,0,1,0,0,1,0,0,0,0,1,0,0,1,0,0,1,0,0,17,0,1
R_dieeznCPjaPVmff,2021-04-07 17:40:31,2000,1,0,77,50,50,76,62,63,0,upperclassmen_treatment,0,0,0,0,0,0,1,1,0,0,1,0,0,0,0,1,1,0,0,0,0,0,0,1,28,1,1
R_3KYNqztzM9gBIEn,2021-04-07 17:12:36,2001,1,1,71,65,50,70,50,75,0,underclassmen_control,1,0,0,0,0,0,0,1,0,1,0,0,0,0,0,1,1,0,0,0,0,1,0,0,16,0,1
R_0qSn3nqqNdyuUbn,2021-04-07 17:37:48,1998,1,0,48,51,50,40,85,48,11,upperclassmen_treatment,1,0,0,0,0,0,0,1,0,0,0,1,0,1,0,0,1,0,0,0,0,1,0,0,43,1,0
R_3efYIGDu7Wy2QPC,2021-04-07 17:12:18,2002,1,0,64,9,50,38,71,84,11,underclassmen_treatment,0,0,0,0,1,0,0,1,0,1,0,0,0,0,0,1,0,0,1,0,1,0,0,0,7,1,1
R_2Pcao1Tm85ZNmMn,2021-04-07 17:57:36,2001,0,0,21,82,50,36,38,93,0,underclassmen_treatment,1,0,0,0,0,0,0,1,0,1,0,0,0,0,0,1,0,0,1,0,0,1,0,0,2,1,0
R_2Eyl6nxv5IsyY0p,2021-04-07 17:41:07,1998,1,0,91,49,50,59,63,61,11,upperclassmen_treatment,1,0,0,0,0,0,0,1,0,0,0,0,1,0,0,1,0,0,0,1,0,0,0,1,30,1,1
R_2uBkmnrVBqmJD5D,2021-04-07 17:55:19,2000,1,0,68,5,50,16,22,44,0,upperclassmen_treatment,0,0,0,0,1,0,0,1,0,0,1,0,0,0,0,1,0,0,1,0,0,0,0,1,47,1,0
R_3HwAIcIQCuIB9yE,2021-04-07 17:38:41,1999,1,0,80,60,50,65,60,70,0,upperclassmen_treatment,0,0,1,0,0,0,0,1,0,0,0,1,0,1,0,0,0,0,1,0,0,0,0,1,21,1,1
R_2EtbVFSHJITzK2c,2021-04-07 17:53:47,2000,1,1,93,45,50,81,88,88,11,underclassmen_treatment,0,0,0,0,1,0,0,1,1,0,0,0,0,0,0,1,0,0,1,0,0,1,0,0,3,1,1
R_1C6YnIrszG5DFxT,2021-04-07 17:44:52,2000,1,0,80,30,50,20,60,70,11,upperclassmen_control,0,0,0,0,0,1,0,1,0,0,1,0,0,0,0,1,0,0,1,0,0,1,0,0,21,0,1
R_2f28LmwpHRhzGaA,2021-04-07 17:53:29,2000,1,0,75,40,50,20,55,45,0,upperclassmen_control,1,0,0,0,0,0,0,1,0,0,0,1,0,1,0,0,0,0,1,0,0,1,0,0,46,0,1
R_tWzSbHe6cq7Hp0R,2021-04-07 17:43:05,2001,0,0,90,3,50,30,72,91,0,upperclassmen_treatment,1,0,0,0,0,0,0,1,0,0,1,0,0,0,1,0,0,0,1,0,0,1,0,0,0,1,1
R_3CWtAv38XvTW8GB,2021-04-07 17:50:28,2000,1,1,100,71,50,100,90,90,11,underclassmen_control,1,0,0,0,0,0,0,1,1,0,0,0,0,0,0,1,0,0,1,0,0,1,0,0,1,0,0
R_ZHHRPrE2F70FVPr,2021-04-07 17:45:04,1999,1,0,91,23,50,69,51,74,11,upperclassmen_control,1,0,0,0,0,0,0,1,0,0,1,0,0,0,0,1,0,0,1,0,0,1,0,0,17,0,0
R_3dX338fKutoIBYn,2021-04-07 17:52:23,2000,1,0,59,45,50,45,52,55,11,underclassmen_control,1,0,0,0,0,0,0,1,0,1,0,0,0,0,1,0,0,0,1,0,0,1,0,0,36,0,1
R_6JBVrsIebCCCMTL,2021-04-07 16:43:36,1997,0,1,100,5,50,60,90,40,11,underclassmen_control,1,0,0,0,0,0,0,1,0,1,0,0,0,1,0,0,0,0,1,0,1,0,0,0,51,0,1
R_1goHUtdplR1QKGO,2021-04-07 17:54:02,1994,1,1,82,50,50,29,83,77,0,upperclassmen_control,1,0,0,0,0,0,0,1,0,0,0,1,0,0,0,1,0,1,0,0,0,1,0,0,14,0,1
R_3exf2HoG6vR1XU0,2021-04-07 17:47:53,2001,1,0,95,76,50,75,65,85,11,underclassmen_treatment,1,0,0,0,0,0,0,1,0,1,0,0,0,0,0,1,0,0,1,0,0,1,0,0,6,1,0
R_3k4IAdGCQt8CkzI,2021-04-07 18:04:00,2002,0,0,73,42,50,40,40,48,11,underclassmen_treatment,0,0,1,0,0,0,0,1,1,0,0,0,0,0,0,1,0,0,1,0,0,0,1,0,43,1,0
R_1oBDCCRj8Z02790,2021-04-07 17:54:20,2000,1,0,93,35,50,30,86,91,0,underclassmen_treatment,0,0,0,0,1,0,0,1,0,1,0,0,0,0,0,1,0,0,1,0,0,0,0,1,0,1,1
R_3iqZ3CWLzteL5SQ,2021-04-07 17:56:52,2001,0,0,88,65,50,55,75,92,0,underclassmen_treatment,1,0,0,0,0,0,0,1,0,1,0,0,0,0,0,1,1,0,0,0,0,1,0,0,1,1,1
R_2cBkJA5c59Q2TAl,2021-04-07 17:48:51,2002,1,0,93,1,50,50,50,92,11,underclassmen_treatment,0,0,0,0,1,0,0,1,1,0,0,0,0,0,0,1,1,0,0,0,0,1,0,0,1,1,1
R_27dssk21SWP0ttA,2021-04-07 17:53:46,2001,1,0,84,43,50,54,56,64,11,underclassmen_control,0,0,0,0,1,0,0,1,0,1,0,0,0,0,0,1,0,0,1,0,0,1,0,0,27,0,1
R_QofC1SzBUmM12zT,2021-04-07 17:42:59,2001,0,0,90,60,50,60,90,90,0,underclassmen_control,1,0,0,0,0,0,0,1,0,1,0,0,0,0,0,1,0,0,1,0,0,0,0,1,1,0,1
R_265D3QNOCsYY0Fz,2021-04-07 17:46:35,2000,1,0,81,60,50,30,70,71,11,upperclassmen_treatment,0,0,0,0,1,0,0,1,0,0,1,0,0,0,0,1,0,0,1,0,0,1,0,0,20,1,1
R_bdq99cEi4Ava3hD,2021-04-07 18:06:22,2000,1,0,70,30,50,30,51,60,0,underclassmen_control,1,0,0,0,0,0,0,1,0,1,0,0,0,0,1,0,0,0,1,0,0,1,0,0,31,0,1
R_1M08un0La2KlQYt,2021-04-07 17:49:20,1999,1,1,95,28,50,98,100,80,0,underclassmen_control,1,0,0,0,0,0,0,1,0,1,0,0,0,1,0,0,0,1,0,0,0,1,0,0,11,0,1
R_3iWQebGXwUNMqAQ,2021-04-07 17:47:54,1998,1,0,92,40,50,95,100,100,0,upperclassmen_treatment,1,0,0,0,0,0,0,1,0,0,0,1,0,1,0,0,0,0,0,1,0,1,0,0,9,1,0
R_2WSDqPXKZsxtQW4,2021-04-07 17:45:55,2000,1,0,90,80,50,60,90,95,0,upperclassmen_treatment,1,0,0,0,0,0,0,1,0,0,1,0,0,0,0,1,0,0,1,0,0,1,0,0,4,1,1
R_1rqeIMzj02KSOXJ,2021-04-07 17:51:57,2000,1,0,100,88,50,94,45,79,11,underclassmen_treatment,1,0,0,0,0,0,0,1,0,1,0,0,0,0,0,1,0,0,1,0,0,1,0,0,12,1,1
R_3CUvmuljJqpVhHb,2021-04-07 18:00:32,1997,0,0,82,82,50,81,82,91,11,upperclassmen_control,1,0,0,0,0,0,0,1,0,0,0,1,0,0,0,1,0,0,1,0,0,1,0,0,0,0,0
R_3PLFO02ZLHHG0ij,2021-04-07 17:51:18,2001,1,0,92,46,50,85,85,94,0,underclassmen_control,1,0,0,0,0,0,0,1,0,1,0,0,0,0,0,1,0,0,1,0,0,0,1,0,3,0,1
R_25Mgh5BGdGiL7yi,2021-04-07 18:36:00,2000,0,0,81,83,50,63,59,69,11,upperclassmen_treatment,1,0,0,0,0,0,0,1,0,0,1,0,0,0,0,1,1,0,0,0,1,0,0,0,22,1,1
R_2YFYn00zF2k1v6n,2021-04-07 18:06:43,2000,1,0,71,46,50,61,60,70,0,upperclassmen_control,1,0,0,0,0,0,0,1,0,0,1,0,0,0,0,1,0,0,1,0,0,1,0,0,21,0,1
R_rqZB9tVht2WDx05,2021-04-07 17:50:59,1999,0,0,100,14,50,41,7,100,0,upperclassmen_treatment,1,0,0,0,0,0,0,1,0,0,0,1,0,0,0,1,0,0,1,0,0,1,0,0,9,1,1
R_pDCa6bm14YB7BQJ,2021-04-07 17:52:49,2001,1,0,50,34,50,66,40,89,11,underclassmen_treatment,1,0,0,0,0,0,0,1,0,1,0,0,0,0,0,1,0,0,1,0,0,0,0,1,2,1,1
R_3ff3l1W4biFhTzj,2021-04-07 17:35:24,1999,1,0,100,80,50,100,100,82,11,upperclassmen_control,1,0,0,0,0,0,0,1,0,0,0,1,0,1,0,0,0,0,1,0,0,1,0,0,9,0,1
R_3qrmBCT95ZpYqFt,2021-04-07 18:16:59,2002,1,0,16,42,50,20,88,97,0,underclassmen_treatment,1,0,0,0,0,0,0,1,1,0,0,0,0,0,0,1,0,0,1,0,0,1,0,0,6,1,1
R_2YaBfSVp7wnUBZX,2021-04-07 18:05:03,2000,0,0,70,53,50,81,39,61,11,upperclassmen_control,1,0,0,0,0,0,0,1,0,0,1,0,0,1,0,0,1,0,0,0,0,0,0,1,30,0,1
R_1pLiXujjxmUDx7w,2021-04-07 17:44:57,1998,1,0,69,53,50,71,41,61,11,upperclassmen_treatment,0,0,1,0,0,0,0,1,0,0,0,0,1,0,0,1,0,0,1,0,0,1,0,0,30,1,1
R_scBSUoVU0EkONJn,2021-04-07 18:26:46,2000,0,0,82,71,50,71,61,98,0,underclassmen_control,1,0,0,0,0,0,0,1,0,1,0,0,0,0,0,1,0,0,1,0,0,1,0,0,7,0,0
R_TgTrOd3Gv2sOcHD,2021-04-07 18:28:57,2000,1,0,62,20,50,19,61,39,0,upperclassmen_treatment,1,0,0,0,0,0,0,1,0,0,1,0,0,0,0,1,1,0,0,0,0,1,0,0,52,1,0
R_vPvlBXiBVp2rXUd,2021-04-07 18:16:45,1999,0,0,63,20,50,72,39,53,0,upperclassmen_control,0,0,1,0,0,0,0,1,0,0,0,1,0,0,1,0,0,0,0,1,0,1,0,0,38,0,1
R_7TAR9NHwLw7T13X,2021-04-07 18:02:01,2000,1,0,95,20,50,30,20,30,0,upperclassmen_control,1,0,0,0,0,0,0,1,0,0,1,0,0,0,1,0,0,0,1,0,0,1,0,0,61,0,1
R_2TT8ArCt1Ai5eUa,2021-04-07 18:11:40,1998,1,0,91,49,50,25,30,88,11,upperclassmen_control,0,0,1,0,0,0,0,1,0,0,0,0,1,0,0,1,1,0,0,0,0,1,0,0,3,0,1
R_23Ttj7msQXJPFMM,2021-04-07 18:08:42,2001,1,0,81,50,50,80,82,47,0,underclassmen_control,1,0,0,0,0,0,0,1,0,1,0,0,0,0,0,1,0,0,1,0,0,0,0,1,44,0,1
R_2bWprzl7jcPXxzS,2021-04-07 18:09:01,2000,0,1,90,19,50,51,71,81,0,underclassmen_treatment,0,0,0,0,1,0,0,1,1,0,0,0,0,0,0,1,0,0,1,0,0,1,0,0,10,1,1
R_2Vq06kABR1SKjfw,2021-04-07 18:37:20,1999,1,0,73,32,50,40,70,46,0,upperclassmen_control,1,0,0,0,0,0,0,1,0,0,0,1,0,0,0,1,0,0,1,0,1,0,0,0,45,0,1
R_3HFF4yt5ytv7ApP,2021-04-07 18:10:23,1999,0,0,40,25,50,90,50,85,11,upperclassmen_treatment,0,0,0,0,1,0,0,1,0,0,0,1,0,0,0,1,1,0,0,0,0,1,0,0,6,1,1
R_2VrUCDJl5Dfkr4a,2021-04-07 18:41:25,1999,1,0,85,50,50,90,90,75,11,upperclassmen_control,1,0,0,0,0,0,0,1,0,0,0,1,0,0,1,0,0,0,1,0,0,1,0,0,16,0,1
R_3nUH4al4TFpQuME,2021-04-07 18:18:52,2002,1,0,78,15,50,27,14,44,0,underclassmen_treatment,0,0,0,0,1,0,0,1,1,0,0,0,0,0,0,1,0,0,1,0,0,1,0,0,47,1,0
R_3PZ8uIJ4Xr4cZou,2021-04-07 18:36:58,1999,1,0,72,49,50,55,64,61,0,upperclassmen_treatment,1,0,0,0,0,0,0,1,0,0,0,1,0,1,0,0,0,1,0,0,0,1,0,0,30,1,1
R_2fcA5HpyT8mlkt2,2021-04-07 18:05:30,1994,1,1,92,20,50,70,90,85,11,underclassmen_control,0,0,1,0,0,0,0,1,0,1,0,0,0,0,0,1,0,0,1,0,0,1,0,0,6,0,1
R_xhlaHtfwmzofog9,2021-04-07 18:25:46,2000,0,0,100,0,50,20,100,40,0,upperclassmen_control,1,0,0,0,0,0,0,1,0,0,1,0,0,0,0,1,0,0,1,0,0,1,0,0,51,0,1
R_2viiF9oxS6MIqfE,2021-04-07 18:33:08,2002,0,0,95,30,50,60,75,85,11,underclassmen_treatment,0,0,0,0,1,0,0,1,1,0,0,0,0,0,1,0,1,0,0,0,0,1,0,0,6,1,1
R_31sbMJpEyZDk3qz,2021-04-07 17:55:46,2002,1,0,82,25,50,60,30,91,11,underclassmen_treatment,0,0,0,0,1,0,0,1,1,0,0,0,0,0,1,0,0,0,1,0,0,1,0,0,0,1,1
R_1eLGDu6J98jbKJK,2021-04-07 18:50:21,2000,1,0,92,30,50,62,11,75,11,upperclassmen_treatment,0,0,0,0,1,0,0,1,0,0,1,0,0,0,0,1,0,0,1,0,0,1,0,0,16,1,1
R_1Q0FdJBlLs0f6RK,2021-04-07 18:30:44,1999,1,0,70,10,50,25,40,35,11,upperclassmen_control,1,0,0,0,0,0,0,1,0,0,0,1,0,1,0,0,0,0,1,0,0,1,0,0,56,0,1
R_1mt0rMBqsnKlNdy,2021-04-07 18:29:57,2002,1,0,96,50,50,40,71,73,0,underclassmen_control,1,0,0,0,0,0,0,1,1,0,0,0,0,1,0,0,0,0,1,0,0,1,0,0,18,0,1
R_2AFH4QXSyzxHfn0,2021-04-07 17:51:49,1999,1,0,86,63,50,71,72,90,0,upperclassmen_control,1,0,0,0,0,0,0,1,0,0,0,1,0,1,0,0,0,0,1,0,0,1,0,0,1,0,1
R_2rVzBXEmEEYnyEN,2021-04-07 18:34:06,1999,1,0,96,30,50,80,80,91,0,upperclassmen_treatment,0,1,0,0,0,0,0,1,0,0,0,1,0,0,0,1,0,0,1,0,0,1,0,0,0,1,1
R_2zvGZSix6wk2Jgc,2021-04-07 18:31:24,1993,1,1,81,30,50,30,40,39,11,underclassmen_treatment,0,0,0,0,1,0,0,1,0,1,0,0,0,0,1,0,0,0,1,0,0,0,0,1,52,1,1
R_bK2ogSICVcDny5X,2021-04-07 17:40:33,2000,1,0,90,30,50,75,90,96,11,upperclassmen_treatment,1,0,0,0,0,0,0,1,0,0,1,0,0,0,1,0,0,0,1,0,0,1,0,0,5,1,0
R_2zMedHLSd1Eod12,2021-04-07 17:52:34,1999,1,0,100,40,50,80,100,100,11,upperclassmen_control,0,0,0,0,1,0,0,1,0,0,0,1,0,0,0,1,0,0,1,0,0,1,0,0,9,0,1
R_3gLXrJcoBLNUOTe,2021-04-07 19:04:51,2000,1,0,81,39,50,19,61,91,11,underclassmen_control,1,0,0,0,0,0,0,1,0,1,0,0,0,1,0,0,0,0,1,0,0,1,0,0,0,0,0
R_3kkeCMYSOWv977q,2021-04-07 18:55:28,1999,1,1,100,50,50,70,61,90,11,upperclassmen_control,1,0,0,0,0,0,0,1,0,0,0,1,0,0,0,1,0,0,1,0,0,1,0,0,1,0,1
R_390pHQ1Wly1O4sp,2021-04-07 18:49:00,2000,1,0,90,30,50,30,61,92,0,underclassmen_treatment,1,0,0,0,0,0,0,1,0,1,0,0,0,0,1,0,1,0,0,0,0,1,0,0,1,1,1
R_2DOy7Z3scOAD0pa,2021-04-07 18:58:55,2002,1,0,100,42,50,40,81,91,11,underclassmen_treatment,1,0,0,0,0,0,0,1,1,0,0,0,0,0,0,1,0,0,1,0,0,1,0,0,0,1,1
R_3MLoCu9ws3E6sYO,2021-04-07 18:51:53,1999,1,0,75,10,50,8,15,76,11,upperclassmen_treatment,1,0,0,0,0,0,0,1,0,0,0,1,0,1,0,0,0,0,0,1,0,1,0,0,15,1,1
R_1QyJ0pilsFJ0swl,2021-04-07 19:04:00,2000,1,0,60,33,50,40,30,60,0,upperclassmen_treatment,1,0,0,0,0,0,0,1,0,0,1,0,0,0,0,1,0,0,1,0,0,1,0,0,31,1,0
R_1kYAEG8tRIWKlIO,2021-04-07 19:12:52,19996,1,0,70,10,50,90,90,61,11,upperclassmen_control,0,0,1,0,0,0,0,1,0,0,0,1,0,0,1,0,0,0,1,0,0,1,0,0,30,0,1
R_2txlwQhJs79Jboc,2021-04-07 18:52:52,2001,0,0,100,5,50,20,10,5,0,underclassmen_control,0,0,1,0,0,0,0,1,0,1,0,0,0,0,0,1,0,0,1,0,0,1,0,0,86,0,1
R_zTKkJY3w5gECizv,2021-04-07 17:58:49,2000,1,0,49,50,50,50,50,50,11,upperclassmen_treatment,1,0,0,0,0,0,0,1,0,0,1,0,0,1,0,0,1,0,0,0,1,0,0,0,41,1,0
R_1JENz5lBOsh5TnQ,2021-04-07 19:03:45,1999,1,0,80,15,50,50,90,85,0,upperclassmen_control,0,0,0,0,1,0,0,1,0,0,1,0,0,0,0,1,0,0,1,0,0,1,0,0,6,0,1
R_27Ip87mAk3jVnpQ,2021-04-07 19:24:43,Los Angeles,1,0,55,4,50,11,12,91,0,upperclassmen_treatment,0,0,1,0,0,0,0,1,0,0,1,0,0,0,0,1,1,0,0,0,0,1,0,0,0,1,1
R_1MYzxGeHPtduIEO,2021-04-07 19:15:13,1999,1,0,93,50,50,60,92,71,0,upperclassmen_control,1,0,0,0,0,0,0,1,0,0,0,1,0,0,0,1,0,0,1,0,0,1,0,0,20,0,1
R_PXkwps9qv3WYb8R,2021-04-07 17:49:37,2000,1,0,72,26,50,40,40,45,11,upperclassmen_control,0,0,0,0,0,1,0,1,0,0,1,0,0,0,0,1,1,0,0,0,0,1,0,0,46,0,1
R_1gGu2iJ11qT8imV,2021-04-07 18:43:07,2002,0,0,92,39,50,75,90,91,11,underclassmen_treatment,1,0,0,0,0,0,0,1,1,0,0,0,0,0,0,1,1,0,0,0,0,1,0,0,0,1,1
R_1eRTIxB4ZGiSOWF,2021-04-07 19:40:07,2002,1,0,99,50,50,39,60,67,0,underclassmen_control,1,0,0,0,0,0,0,1,1,0,0,0,0,0,1,0,1,0,0,0,0,1,0,0,24,0,1
R_ANTNojFR2mSNuIV,2021-04-07 19:10:00,1999,0,0,70,50,50,85,100,91,11,upperclassmen_treatment,0,0,0,0,1,0,0,1,0,0,0,1,0,0,0,1,1,0,0,0,0,1,0,0,0,1,1
R_1rIWpGp4KYyybNx,2021-04-07 18:45:46,1997,1,0,100,50,50,80,70,50,11,upperclassmen_control,1,0,0,0,0,0,0,1,0,0,0,0,1,1,0,0,0,0,1,0,0,1,0,0,41,0,1
R_3CUjVgYmsb9IaYm,2021-04-07 18:18:24,2001,1,0,25,5,50,31,1,30,11,underclassmen_treatment,1,0,0,0,0,0,0,1,0,1,0,0,0,0,0,1,0,0,1,0,0,1,0,0,61,1,1
R_OIEM9WDBZTV40xz,2021-04-07 18:08:19,2001,1,0,65,14,50,61,50,65,0,underclassmen_control,0,0,1,0,0,0,0,1,0,1,0,0,0,0,0,1,1,0,0,0,0,1,0,0,26,0,1
R_2ZW8HlX1lbSIH9X,2021-04-07 19:07:37,1998,1,0,80,50,50,40,75,70,11,upperclassmen_control,0,0,0,0,0,0,1,1,0,0,0,1,0,0,0,1,0,0,1,0,0,1,0,0,21,0,1
R_8CgofB9ocF2psAh,2021-04-07 17:47:34,1999,1,0,64,82,50,66,69,70,0,upperclassmen_control,1,0,0,0,0,0,0,1,0,0,0,1,0,0,0,1,0,0,1,0,0,1,0,0,21,0,1
R_12DLX8W6ZpfZFG1,2021-04-07 19:41:27,2000,1,0,80,30,50,25,70,60,0,upperclassmen_treatment,1,0,0,0,0,0,0,1,0,0,1,0,0,0,0,1,0,0,1,0,0,1,0,0,31,1,1
R_323ZBHilkDS0pKm,2021-04-07 19:07:45,2000,1,0,98,61,50,62,34,31,0,upperclassmen_treatment,1,0,0,0,0,0,0,1,0,0,1,0,0,0,0,1,0,0,1,0,0,1,0,0,60,1,1
R_3NUHkQjHQbyHQL0,2021-04-07 18:41:33,2001,0,0,90,69,50,85,69,95,0,underclassmen_treatment,1,0,0,0,0,0,0,1,0,1,0,0,0,0,0,1,1,0,0,0,0,1,0,0,4,1,0
R_41SczUnYWhQJfB7,2021-04-07 17:58:09,1999,1,0,90,20,50,35,50,60,0,upperclassmen_treatment,1,0,0,0,0,0,0,1,0,0,0,1,0,0,0,1,0,0,1,0,0,0,0,1,31,1,1
R_3EtDHhl1PreLA1S,2021-04-07 18:49:07,1999,1,1,100,40,50,50,71,91,11,upperclassmen_treatment,0,0,1,0,0,0,0,1,0,0,0,1,0,0,0,1,0,0,1,0,0,0,0,1,0,1,1
R_3iUTNoq5ZDTBMa0,2021-04-07 18:57:45,2001,0,0,71,60,50,60,71,81,0,underclassmen_control,1,0,0,0,0,0,0,1,0,1,0,0,0,0,0,1,0,0,1,0,0,0,1,0,10,0,1
R_3DjWr3qBMg0CzGq,2021-04-07 18:55:34,1999,0,0,87,23,50,94,80,95,0,upperclassmen_control,0,0,0,1,0,0,0,1,0,0,0,1,0,0,0,1,1,0,0,0,0,1,0,0,4,0,1
R_2y4rtVqX3SaMS9y,2021-04-07 19:52:48,2001,0,0,73,15,50,30,26,80,11,underclassmen_treatment,0,0,0,0,1,0,0,1,0,1,0,0,0,0,0,1,1,0,0,0,0,0,0,1,11,1,1
R_2SBKh3xBOQBoDkP,2021-04-07 19:50:07,2001,0,0,61,17,50,19,45,67,11,underclassmen_control,1,0,0,0,0,0,0,1,0,1,0,0,0,0,0,1,1,0,0,0,0,1,0,0,24,0,1
R_73ZIdPS4iLWO0fv,2021-04-07 18:38:10,1970,0,1,40,15,50,60,35,80,0,upperclassmen_control,0,0,0,0,1,0,0,1,0,0,1,0,0,0,0,1,0,1,0,0,0,1,0,0,11,0,1
R_2R4G7Ims8ORpifG,2021-04-07 19:08:51,2001,0,0,90,25,50,65,80,95,0,underclassmen_treatment,1,0,0,0,0,0,0,1,0,1,0,0,0,0,1,0,1,0,0,0,1,0,0,0,4,1,1
R_1LpABwLp1oCDzxI,2021-04-07 17:43:16,2002,0,0,50,10,50,30,29,81,0,underclassmen_control,0,0,0,0,1,0,0,1,0,1,0,0,0,0,1,0,1,0,0,0,0,1,0,0,10,0,1
R_2WuQQPpSFui4PkM,2021-04-07 19:47:39,2002,1,0,92,30,50,79,92,91,11,underclassmen_treatment,1,0,0,0,0,0,0,1,1,0,0,0,0,0,0,1,0,0,1,0,0,1,0,0,0,1,1
R_yklRfhpPsD6xc9r,2021-04-07 19:42:44,2001,0,0,98,88,50,70,80,91,11,underclassmen_treatment,0,0,0,0,1,0,0,1,0,1,0,0,0,0,0,1,0,1,0,0,0,1,0,0,0,1,1
R_22n46JJfqTQ4e79,2021-04-07 19:48:50,1998,1,0,70,35,50,50,75,25,0,upperclassmen_control,1,0,0,0,0,0,0,1,0,0,0,0,1,1,0,0,0,0,1,0,0,1,0,0,66,0,1
R_1K7S6sXoiV8Sg39,2021-04-07 17:58:21,"Mumbai, India",1,0,60,60,50,75,90,66,11,underclassmen_treatment,1,0,0,0,0,0,0,1,1,0,0,0,0,1,0,0,0,0,1,0,0,1,0,0,25,1,0
R_330XHwja945dTTr,2021-04-07 18:01:30,1999,1,1,82,67,50,70,87,84,0,underclassmen_control,0,0,1,0,0,0,0,1,1,0,0,0,0,0,0,1,1,0,0,0,0,0,1,0,7,0,1
R_1juCoeLvUPAIcvK,2021-04-07 19:42:55,1999,0,1,80,60,50,82,70,95,0,upperclassmen_control,0,0,0,0,1,0,0,1,0,0,0,1,0,0,0,1,1,0,0,0,0,1,0,0,4,0,1
R_3CHiaUqjaMnRLPj,2021-04-07 20:13:43,1998,1,0,71,49,50,76,91,84,0,upperclassmen_control,1,0,0,0,0,0,0,1,0,0,0,1,0,0,0,1,0,0,1,0,0,1,0,0,7,0,1
R_RVKsSBP2Hcu9g9H,2021-04-07 19:57:20,1998,1,0,81,82,50,50,50,71,0,upperclassmen_treatment,1,0,0,0,0,0,0,1,0,0,0,1,0,0,1,0,0,0,1,0,0,1,0,0,20,1,1
R_2xQQgHoESEI1qhq,2021-04-07 19:48:33,2000,1,0,91,91,50,91,92,90,11,upperclassmen_treatment,0,0,0,0,0,1,0,1,0,0,1,0,0,0,0,1,0,1,0,0,0,1,0,0,1,1,1
R_2fDvNhhNcZsR2s8,2021-04-07 20:26:40,1999,1,0,70,40,50,72,69,69,11,upperclassmen_treatment,1,0,0,0,0,0,0,1,0,0,0,1,0,0,0,1,0,0,1,0,1,0,0,0,22,1,0
R_2fBYia1KP4bbvHw,2021-04-07 17:52:40,2002,1,0,81,49,50,85,74,90,0,underclassmen_control,1,0,0,0,0,0,0,1,1,0,0,0,0,0,1,0,1,0,0,0,0,1,0,0,1,0,1
R_2X4l5LRW7SNsoTE,2021-04-07 20:20:36,2001,1,0,60,16,50,51,20,20,0,underclassmen_control,0,0,0,0,1,0,0,1,0,1,0,0,0,0,0,1,0,0,1,0,0,1,0,0,71,0,1
R_OrtkqAxVpv2TYSB,2021-04-07 19:28:06,2001,1,0,6,40,50,61,72,50,0,underclassmen_treatment,1,0,0,0,0,0,0,1,0,1,0,0,0,0,0,1,0,0,1,0,0,1,0,0,41,1,1
R_OfJlXcXkwHttJC1,2021-04-07 20:40:44,1999,1,0,100,29,50,71,94,87,0,upperclassmen_control,1,0,0,0,0,0,0,1,0,0,0,1,0,0,0,1,0,0,1,0,0,1,0,0,4,0,1
R_3HUeHFV9TDybCKt,2021-04-07 17:45:19,2001,0,0,85,25,50,60,70,91,0,underclassmen_treatment,0,0,0,0,0,1,0,1,0,1,0,0,0,0,0,1,0,0,1,0,0,1,0,0,0,1,1
R_2ALMViZlm0IsrMK,2021-04-07 21:01:16,2001,1,0,55,34,50,72,66,84,0,underclassmen_control,1,0,0,0,0,0,0,1,0,1,0,0,0,0,0,1,0,0,1,0,0,1,0,0,7,0,1
R_2VdOyXEFYbbgwEL,2021-04-07 18:42:30,2001,1,0,100,41,50,61,91,86,11,underclassmen_control,1,0,0,0,0,0,0,1,0,1,0,0,0,0,0,1,0,0,1,0,0,1,0,0,5,0,1
R_Bx3hhFvBdZ6I5hv,2021-04-07 20:41:07,2001,1,1,92,80,50,93,92,94,0,underclassmen_treatment,1,0,0,0,0,0,0,1,0,1,0,0,0,0,0,1,0,0,1,0,0,1,0,0,3,1,1
R_1od640c7QuyZkqH,2021-04-07 21:14:12,2000,1,0,91,81,50,80,77,79,0,upperclassmen_control,1,0,0,0,0,0,0,1,0,0,1,0,0,0,1,0,1,0,0,0,0,1,0,0,12,0,1
R_2Sjdhnx1zXJpCTn,2021-04-07 19:56:23,1999,1,0,74,9,50,15,64,61,0,upperclassmen_control,0,0,0,0,1,0,0,1,0,0,0,1,0,0,0,1,1,0,0,0,0,1,0,0,30,0,1
R_2RWeTsMt53Wj6Gb,2021-04-07 18:43:40,1999,1,1,71,85,50,85,100,85,0,underclassmen_control,1,0,0,0,0,0,0,1,1,0,0,0,0,0,0,1,0,0,1,0,0,1,0,0,6,0,1
R_1SoQt84fMDFIhyx,2021-04-07 21:20:30,2000,1,0,58,19,50,40,30,82,0,upperclassmen_treatment,1,0,0,0,0,0,0,1,0,0,1,0,0,0,0,1,0,0,1,0,0,1,0,0,9,1,1
R_2robMD3XXX9D2Bu,2021-04-07 18:06:49,1999,1,0,81,36,50,60,55,80,0,upperclassmen_treatment,1,0,0,0,0,0,0,1,0,0,0,1,0,0,0,1,0,0,0,1,0,1,0,0,11,1,1
R_2eWDqK2T8VPzvnV,2021-04-07 10:59:15,2002,1,0,70,60,50,55,40,70,11,underclassmen_control,1,0,0,0,0,0,0,1,1,0,0,0,0,0,1,0,0,0,1,0,0,1,0,0,21,0,0
R_241s1PBhHLEk5Zx,2021-04-07 21:34:19,2000,1,0,45,41,50,41,32,33,11,upperclassmen_control,0,0,0,0,1,0,0,1,0,0,0,1,0,0,1,0,0,0,1,0,0,1,0,0,58,0,1
R_1LInCHYpUbN5JSW,2021-04-07 21:40:58,2000,1,0,60,41,50,43,51,76,0,upperclassmen_treatment,1,0,0,0,0,0,0,1,0,0,1,0,0,0,0,1,0,0,1,0,0,1,0,0,15,1,1
R_eeP6pibw9IfnL7b,2021-04-07 17:56:37,2001,0,0,62,14,50,14,66,55,11,underclassmen_control,0,0,0,0,1,0,0,1,1,0,0,0,0,0,0,1,0,0,1,0,0,1,0,0,36,0,1
R_32MbiLAtvgYzUtr,2021-04-07 17:43:34,1996,1,1,52,25,50,30,10,66,11,upperclassmen_treatment,0,0,1,0,0,0,0,1,0,0,1,0,0,0,0,1,0,0,1,0,0,1,0,0,25,1,1
R_PwBXo9vrIRQ1zjP,2021-04-07 17:43:33,1998,1,0,93,11,50,54,77,74,11,upperclassmen_control,1,0,0,0,0,0,0,1,0,0,0,1,0,0,0,1,0,0,1,0,1,0,0,0,17,0,1
R_pylG2jtAWpVqv7z,2021-04-07 21:21:01,2000,1,0,100,9,50,24,100,100,11,underclassmen_treatment,1,0,0,0,0,0,0,1,0,1,0,0,0,0,1,0,0,0,1,0,0,1,0,0,9,1,1
R_uaJBf9GXEPqGhQB,2021-04-07 21:59:07,1999,1,0,100,68,50,81,77,83,11,upperclassmen_treatment,1,0,0,0,0,0,0,1,0,0,0,1,0,1,0,0,0,0,1,0,0,0,0,1,8,1,1
R_3R2toVjHQXoXujM,2021-04-07 22:07:27,2001,1,0,81,81,50,50,50,95,11,underclassmen_control,1,0,0,0,0,0,0,1,0,1,0,0,0,0,1,0,1,0,0,0,0,1,0,0,4,0,1
R_2B4ckUNwALw4l4F,2021-04-07 22:18:13,2000,1,0,85,10,50,60,80,91,0,underclassmen_treatment,1,0,0,0,0,0,0,1,0,1,0,0,0,0,0,1,1,0,0,0,0,1,0,0,0,1,1
R_ZftKkX5PpzR7K9j,2021-04-07 22:26:57,2000,1,0,81,49,50,65,49,85,11,upperclassmen_control,0,1,0,0,0,0,0,1,0,0,1,0,0,1,0,0,0,0,1,0,0,0,1,0,6,0,1
R_3g5Bx2RRMIYEOXk,2021-04-07 22:06:28,2001,0,0,61,21,50,50,61,73,0,underclassmen_control,1,0,0,0,0,0,0,1,0,1,0,0,0,0,1,0,0,0,1,0,0,1,0,0,18,0,1
R_eaeQSu0diHxXEoF,2021-04-07 19:26:18,1998,1,1,76,25,50,41,60,51,0,upperclassmen_treatment,0,1,0,0,0,0,0,1,0,0,1,0,0,0,1,0,0,0,1,0,0,1,0,0,40,1,1
R_1M5tqR4F5l8i6bD,2021-04-07 17:43:32,1999,1,0,92,49,50,52,70,91,0,upperclassmen_treatment,0,0,0,0,1,0,0,1,0,0,0,1,0,1,0,0,0,0,1,0,0,0,0,1,0,1,1
R_2S7UkYizCwHgcbg,2021-04-07 22:41:23,2002,1,0,72,35,50,53,50,41,11,underclassmen_control,1,0,0,0,0,0,0,1,1,0,0,0,0,0,0,1,0,0,1,0,0,1,0,0,50,0,1
R_3ptfvbSUAgnUgRX,2021-04-07 19:38:57,1999,1,0,61,8,50,20,67,87,11,upperclassmen_control,1,0,0,0,0,0,0,1,0,0,0,1,0,1,0,0,0,0,1,0,0,1,0,0,4,0,1
R_s5mPvGQSTuRqK9b,2021-04-07 23:41:57,2000,1,0,89,85,50,76,60,86,11,underclassmen_treatment,1,0,0,0,0,0,0,1,0,1,0,0,0,0,1,0,0,0,1,0,0,0,0,1,5,1,1
R_3p46xDCrHjvSeEz,2021-04-08 00:22:18,1998,1,0,79,30,50,20,92,20,0,upperclassmen_treatment,1,0,0,0,0,0,0,1,0,0,0,1,0,0,0,1,1,0,0,0,0,1,0,0,71,1,1
R_vTaihJ4i8CxUA5r,2021-04-07 06:46:33,1997,0,1,76,73,50,85,59,91,0,upperclassmen_treatment,1,0,0,0,0,0,0,1,0,0,0,1,0,0,0,1,1,0,0,0,0,1,0,0,0,1,1
R_0js79IbJxViz1br,2021-04-07 17:41:21,1999,0,0,80,30,50,20,10,70,11,upperclassmen_treatment,1,0,0,0,0,0,0,1,0,0,0,1,0,0,1,0,0,0,1,0,0,1,0,0,21,1,1
R_Bsry57zCyOkn4rf,2021-04-07 18:10:41,2001,1,0,90,35,50,84,40,74,11,underclassmen_treatment,0,0,0,0,1,0,0,1,0,1,0,0,0,0,1,0,0,0,1,0,0,1,0,0,17,1,0
R_1LoCz8U1QLPfvf7,2021-04-08 08:56:47,2000,1,0,62,21,50,29,31,47,11,underclassmen_control,0,0,0,0,1,0,0,1,0,1,0,0,0,0,1,0,0,0,1,0,0,1,0,0,44,0,1
R_2EcQW56tjOPtrWF,2021-04-08 10:11:29,1999,1,0,90,40,50,40,60,80,0,upperclassmen_treatment,1,0,0,0,0,0,0,1,0,0,0,1,0,0,0,1,0,0,1,0,0,1,0,0,11,1,1
